productId,new_image
1,books_images/1.jpg
2,books_images/2.jpg
3,books_images/3.jpg
4,books_images/4.jpg
5,books_images/5.jpg
6,books_images/6.jpg
7,books_images/7.jpg
8,books_images/8.jpg
9,books_images/9.jpg
10,books_images/10.jpg
11,books_images/11.jpg
12,books_images/12.jpg
13,books_images/13.jpg
14,books_images/14.jpg
15,books_images/15.jpg
16,books_images/16.jpg
17,books_images/17.jpg
18,books_images/18.jpg
19,books_images/19.jpg
20,books_images/20.jpg
21,books_images/21.jpg
22,books_images/22.jpg
23,books_images/23.jpg
24,books_images/24.jpg
25,books_images/25.jpg
26,books_images/26.jpg
27,books_images/27.jpg
28,books_images/28.jpg
29,books_images/29.jpg
30,books_images/30.jpg
31,books_images/31.jpg
32,books_images/32.jpg
33,books_images/33.jpg
34,books_images/34.jpg
35,books_images/35.jpg
36,books_images/36.jpg
37,books_images/37.jpg
38,books_images/38.jpg
39,books_images/39.jpg
40,books_images/40.jpg
41,books_images/41.jpg
42,books_images/42.jpg
43,books_images/43.jpg
44,books_images/44.jpg
45,books_images/45.jpg
46,books_images/46.jpg
47,books_images/47.jpg
48,books_images/48.jpg
49,books_images/49.jpg
50,books_images/50.jpg
51,books_images/51.jpg
52,books_images/52.jpg
53,books_images/53.jpg
54,books_images/54.jpg
55,books_images/55.jpg
56,books_images/56.jpg
57,books_images/57.jpg
58,books_images/58.jpg
59,books_images/59.jpg
60,books_images/60.jpg
61,books_images/61.jpg
62,books_images/62.jpg
63,books_images/63.jpg
64,books_images/64.jpg
65,books_images/65.jpg
66,books_images/66.jpg
67,books_images/67.jpg
68,books_images/68.jpg
69,books_images/69.jpg
70,books_images/70.jpg
71,books_images/71.jpg
72,books_images/72.jpg
73,books_images/73.jpg
74,books_images/74.jpg
75,books_images/75.jpg
76,books_images/76.jpg
77,books_images/77.jpg
78,books_images/78.jpg
79,books_images/79.jpg
80,books_images/80.jpg
81,books_images/81.jpg
82,books_images/82.jpg
83,books_images/83.jpg
84,books_images/84.jpg
85,books_images/85.jpg
86,books_images/86.jpg
87,books_images/87.jpg
88,books_images/88.jpg
89,books_images/89.jpg
90,books_images/90.jpg
91,books_images/91.jpg
92,books_images/92.jpg
93,books_images/93.jpg
94,books_images/94.jpg
95,books_images/95.jpg
96,books_images/96.jpg
97,books_images/97.jpg
98,books_images/98.jpg
99,books_images/99.jpg
100,books_images/100.jpg
101,books_images/101.jpg
102,books_images/102.jpg
103,books_images/103.jpg
104,books_images/104.jpg
105,books_images/105.jpg
106,books_images/106.jpg
107,books_images/107.jpg
108,books_images/108.jpg
109,books_images/109.jpg
110,books_images/110.jpg
111,books_images/111.jpg
112,books_images/112.jpg
113,books_images/113.jpg
114,books_images/114.jpg
115,books_images/115.jpg
116,books_images/116.jpg
117,books_images/117.jpg
118,books_images/118.jpg
119,books_images/119.jpg
120,books_images/120.jpg
121,books_images/121.jpg
122,books_images/122.jpg
123,books_images/123.jpg
124,books_images/124.jpg
125,books_images/125.jpg
126,books_images/126.jpg
127,books_images/127.jpg
128,books_images/128.jpg
129,books_images/129.jpg
130,books_images/130.jpg
131,books_images/131.jpg
132,books_images/132.jpg
133,books_images/133.jpg
134,books_images/134.jpg
135,books_images/135.jpg
136,books_images/136.jpg
137,books_images/137.jpg
138,books_images/138.jpg
139,books_images/139.jpg
140,books_images/140.jpg
141,books_images/141.jpg
142,books_images/142.jpg
143,books_images/143.jpg
144,books_images/144.jpg
145,books_images/145.jpg
146,books_images/146.jpg
147,books_images/147.jpg
148,books_images/148.jpg
149,books_images/149.jpg
150,books_images/150.jpg
151,books_images/151.jpg
152,books_images/152.jpg
153,books_images/153.jpg
154,books_images/154.jpg
155,books_images/155.jpg
156,books_images/156.jpg
157,books_images/157.jpg
158,books_images/158.jpg
159,books_images/159.jpg
160,books_images/160.jpg
161,books_images/161.jpg
162,books_images/162.jpg
163,books_images/163.jpg
164,books_images/164.jpg
165,books_images/165.jpg
166,books_images/166.jpg
167,books_images/167.jpg
168,books_images/168.jpg
169,books_images/169.jpg
170,books_images/170.jpg
171,books_images/171.jpg
172,books_images/172.jpg
173,books_images/173.jpg
174,books_images/174.jpg
175,books_images/175.jpg
176,books_images/176.jpg
177,books_images/177.jpg
178,books_images/178.jpg
179,books_images/179.jpg
180,books_images/180.jpg
181,books_images/181.jpg
182,books_images/182.jpg
183,books_images/183.jpg
184,books_images/184.jpg
185,books_images/185.jpg
186,books_images/186.jpg
187,books_images/187.jpg
188,books_images/188.jpg
189,books_images/189.jpg
190,books_images/190.jpg
191,books_images/191.jpg
192,books_images/192.jpg
193,books_images/193.jpg
194,books_images/194.jpg
195,books_images/195.jpg
196,books_images/196.jpg
197,books_images/197.jpg
198,books_images/198.jpg
199,books_images/199.jpg
200,books_images/200.jpg
201,books_images/201.jpg
202,books_images/202.jpg
203,books_images/203.jpg
204,books_images/204.jpg
205,books_images/205.jpg
206,books_images/206.jpg
207,books_images/207.jpg
208,books_images/208.jpg
209,books_images/209.jpg
210,books_images/210.jpg
211,books_images/211.jpg
212,books_images/212.jpg
213,books_images/213.jpg
214,books_images/214.jpg
215,books_images/215.jpg
216,books_images/216.jpg
217,books_images/217.jpg
218,books_images/218.jpg
219,books_images/219.jpg
220,books_images/220.jpg
221,books_images/221.jpg
222,books_images/222.jpg
223,books_images/223.jpg
224,books_images/224.jpg
225,books_images/225.jpg
226,books_images/226.jpg
227,books_images/227.jpg
228,books_images/228.jpg
229,books_images/229.jpg
230,books_images/230.jpg
231,books_images/231.jpg
232,books_images/232.jpg
233,books_images/233.jpg
234,books_images/234.jpg
235,books_images/235.jpg
236,books_images/236.jpg
237,books_images/237.jpg
238,books_images/238.jpg
239,books_images/239.jpg
240,books_images/240.jpg
241,books_images/241.jpg
242,books_images/242.jpg
243,books_images/243.jpg
244,books_images/244.jpg
245,books_images/245.jpg
246,books_images/246.jpg
247,books_images/247.jpg
248,books_images/248.jpg
249,books_images/249.jpg
250,books_images/250.jpg
251,books_images/251.jpg
252,books_images/252.jpg
253,books_images/253.jpg
254,books_images/254.jpg
255,books_images/255.jpg
256,books_images/256.jpg
257,books_images/257.jpg
258,books_images/258.jpg
259,books_images/259.jpg
260,books_images/260.jpg
261,books_images/261.jpg
262,books_images/262.jpg
263,books_images/263.jpg
264,books_images/264.jpg
265,books_images/265.jpg
266,books_images/266.jpg
267,books_images/267.jpg
268,books_images/268.jpg
269,books_images/269.jpg
270,books_images/270.jpg
271,books_images/271.jpg
272,books_images/272.jpg
273,books_images/273.jpg
274,books_images/274.jpg
275,books_images/275.jpg
276,books_images/276.jpg
277,books_images/277.jpg
278,books_images/278.jpg
279,books_images/279.jpg
280,books_images/280.jpg
281,books_images/281.jpg
282,books_images/282.jpg
283,books_images/283.jpg
284,books_images/284.jpg
285,books_images/285.jpg
286,books_images/286.jpg
287,books_images/287.jpg
288,books_images/288.jpg
289,books_images/289.jpg
290,books_images/290.jpg
291,books_images/291.jpg
292,books_images/292.jpg
293,books_images/293.jpg
294,books_images/294.jpg
295,books_images/295.jpg
296,books_images/296.jpg
297,books_images/297.jpg
298,books_images/298.jpg
299,books_images/299.jpg
300,books_images/300.jpg
301,books_images/301.jpg
302,books_images/302.jpg
303,books_images/303.jpg
304,books_images/304.jpg
305,books_images/305.jpg
306,books_images/306.jpg
307,books_images/307.jpg
308,books_images/308.jpg
309,books_images/309.jpg
310,books_images/310.jpg
311,books_images/311.jpg
312,books_images/312.jpg
313,books_images/313.jpg
314,books_images/314.jpg
315,books_images/315.jpg
316,books_images/316.jpg
317,books_images/317.jpg
318,books_images/318.jpg
319,books_images/319.jpg
320,books_images/320.jpg
321,books_images/321.jpg
322,books_images/322.jpg
323,books_images/323.jpg
324,books_images/324.jpg
325,books_images/325.jpg
326,books_images/326.jpg
327,books_images/327.jpg
328,books_images/328.jpg
329,books_images/329.jpg
330,books_images/330.jpg
331,books_images/331.jpg
332,books_images/332.jpg
333,books_images/333.jpg
334,books_images/334.jpg
335,books_images/335.jpg
336,books_images/336.jpg
337,books_images/337.jpg
338,books_images/338.jpg
339,books_images/339.jpg
340,books_images/340.jpg
341,books_images/341.jpg
342,books_images/342.jpg
343,books_images/343.jpg
344,books_images/344.jpg
345,books_images/345.jpg
346,books_images/346.jpg
347,books_images/347.jpg
348,books_images/348.jpg
349,books_images/349.jpg
350,books_images/350.jpg
351,books_images/351.jpg
352,books_images/352.jpg
353,books_images/353.jpg
354,books_images/354.jpg
355,books_images/355.jpg
356,books_images/356.jpg
357,books_images/357.jpg
358,books_images/358.jpg
359,books_images/359.jpg
360,books_images/360.jpg
361,books_images/361.jpg
362,books_images/362.jpg
363,books_images/363.jpg
364,books_images/364.jpg
365,books_images/365.jpg
366,books_images/366.jpg
367,books_images/367.jpg
368,books_images/368.jpg
369,books_images/369.jpg
370,books_images/370.jpg
371,books_images/371.jpg
372,books_images/372.jpg
373,books_images/373.jpg
374,books_images/374.jpg
375,books_images/375.jpg
376,books_images/376.jpg
377,books_images/377.jpg
378,books_images/378.jpg
379,books_images/379.jpg
380,books_images/380.jpg
381,books_images/381.jpg
382,books_images/382.jpg
383,books_images/383.jpg
384,books_images/384.jpg
385,books_images/385.jpg
386,books_images/386.jpg
387,books_images/387.jpg
388,books_images/388.jpg
389,books_images/389.jpg
390,books_images/390.jpg
391,books_images/391.jpg
392,books_images/392.jpg
393,books_images/393.jpg
394,books_images/394.jpg
395,books_images/395.jpg
396,books_images/396.jpg
397,books_images/397.jpg
398,books_images/398.jpg
399,books_images/399.jpg
400,books_images/400.jpg
401,books_images/401.jpg
402,books_images/402.jpg
403,books_images/403.jpg
404,books_images/404.jpg
405,books_images/405.jpg
406,books_images/406.jpg
407,books_images/407.jpg
408,books_images/408.jpg
409,books_images/409.jpg
410,books_images/410.jpg
411,books_images/411.jpg
412,books_images/412.jpg
413,books_images/413.jpg
414,books_images/414.jpg
415,books_images/415.jpg
416,books_images/416.jpg
417,books_images/417.jpg
418,books_images/418.jpg
419,books_images/419.jpg
420,books_images/420.jpg
421,books_images/421.jpg
422,books_images/422.jpg
423,books_images/423.jpg
424,books_images/424.jpg
425,books_images/425.jpg
426,books_images/426.jpg
427,books_images/427.jpg
428,books_images/428.jpg
429,books_images/429.jpg
430,books_images/430.jpg
431,books_images/431.jpg
432,books_images/432.jpg
433,books_images/433.jpg
434,books_images/434.jpg
435,books_images/435.jpg
436,books_images/436.jpg
437,books_images/437.jpg
438,books_images/438.jpg
439,books_images/439.jpg
440,books_images/440.jpg
441,books_images/441.jpg
442,books_images/442.jpg
443,books_images/443.jpg
444,books_images/444.jpg
445,books_images/445.jpg
446,books_images/446.jpg
447,books_images/447.jpg
448,books_images/448.jpg
449,books_images/449.jpg
450,books_images/450.jpg
451,books_images/451.jpg
452,books_images/452.jpg
453,books_images/453.jpg
454,books_images/454.jpg
455,books_images/455.jpg
456,books_images/456.jpg
457,books_images/457.jpg
458,books_images/458.jpg
459,books_images/459.jpg
460,books_images/460.jpg
461,books_images/461.jpg
462,books_images/462.jpg
463,books_images/463.jpg
464,books_images/464.jpg
465,books_images/465.jpg
466,books_images/466.jpg
467,books_images/467.jpg
468,books_images/468.jpg
469,books_images/469.jpg
470,books_images/470.jpg
471,books_images/471.jpg
472,books_images/472.jpg
473,books_images/473.jpg
474,books_images/474.jpg
475,books_images/475.jpg
476,books_images/476.jpg
477,books_images/477.jpg
478,books_images/478.jpg
479,books_images/479.jpg
480,books_images/480.jpg
481,books_images/481.jpg
482,books_images/482.jpg
483,books_images/483.jpg
484,books_images/484.jpg
485,books_images/485.jpg
486,books_images/486.jpg
487,books_images/487.jpg
488,books_images/488.jpg
489,books_images/489.jpg
490,books_images/490.jpg
491,books_images/491.jpg
492,books_images/492.jpg
493,books_images/493.jpg
494,books_images/494.jpg
495,books_images/495.jpg
496,books_images/496.jpg
497,books_images/497.jpg
498,books_images/498.jpg
499,books_images/499.jpg
500,books_images/500.jpg
501,books_images/501.jpg
502,books_images/502.jpg
503,books_images/503.jpg
504,books_images/504.jpg
505,books_images/505.jpg
506,books_images/506.jpg
507,books_images/507.jpg
508,books_images/508.jpg
509,books_images/509.jpg
510,books_images/510.jpg
511,books_images/511.jpg
512,books_images/512.jpg
513,books_images/513.jpg
514,books_images/514.jpg
515,books_images/515.jpg
516,books_images/516.jpg
517,books_images/517.jpg
518,books_images/518.jpg
519,books_images/519.jpg
520,books_images/520.jpg
521,books_images/521.jpg
522,books_images/522.jpg
523,books_images/523.jpg
524,books_images/524.jpg
525,books_images/525.jpg
526,books_images/526.jpg
527,books_images/527.jpg
528,books_images/528.jpg
529,books_images/529.jpg
530,books_images/530.jpg
531,books_images/531.jpg
532,books_images/532.jpg
533,books_images/533.jpg
534,books_images/534.jpg
535,books_images/535.jpg
536,books_images/536.jpg
537,books_images/537.jpg
538,books_images/538.jpg
539,books_images/539.jpg
540,books_images/540.jpg
541,books_images/541.jpg
542,books_images/542.jpg
543,books_images/543.jpg
544,books_images/544.jpg
545,books_images/545.jpg
546,books_images/546.jpg
547,books_images/547.jpg
548,books_images/548.jpg
549,books_images/549.jpg
550,books_images/550.jpg
551,books_images/551.jpg
552,books_images/552.jpg
553,books_images/553.jpg
554,books_images/554.jpg
555,books_images/555.jpg
556,books_images/556.jpg
557,books_images/557.jpg
558,books_images/558.jpg
559,books_images/559.jpg
560,books_images/560.jpg
561,books_images/561.jpg
562,books_images/562.jpg
563,books_images/563.jpg
564,books_images/564.jpg
565,books_images/565.jpg
566,books_images/566.jpg
567,books_images/567.jpg
568,books_images/568.jpg
569,books_images/569.jpg
570,books_images/570.jpg
571,books_images/571.jpg
572,books_images/572.jpg
573,books_images/573.jpg
574,books_images/574.jpg
575,books_images/575.jpg
576,books_images/576.jpg
577,books_images/577.jpg
578,books_images/578.jpg
579,books_images/579.jpg
580,books_images/580.jpg
581,books_images/581.jpg
582,books_images/582.jpg
583,books_images/583.jpg
584,books_images/584.jpg
585,books_images/585.jpg
586,books_images/586.jpg
587,books_images/587.jpg
588,books_images/588.jpg
589,books_images/589.jpg
590,books_images/590.jpg
591,books_images/591.jpg
592,books_images/592.jpg
593,books_images/593.jpg
594,books_images/594.jpg
595,books_images/595.jpg
596,books_images/596.jpg
597,books_images/597.jpg
598,books_images/598.jpg
599,books_images/599.jpg
600,books_images/600.jpg
601,books_images/601.jpg
602,books_images/602.jpg
603,books_images/603.jpg
604,books_images/604.jpg
605,books_images/605.jpg
606,books_images/606.jpg
607,books_images/607.jpg
608,books_images/608.jpg
609,books_images/609.jpg
610,books_images/610.jpg
611,books_images/611.jpg
612,books_images/612.jpg
613,books_images/613.jpg
614,books_images/614.jpg
615,books_images/615.jpg
616,books_images/616.jpg
617,books_images/617.jpg
618,books_images/618.jpg
619,books_images/619.jpg
620,books_images/620.jpg
621,books_images/621.jpg
622,books_images/622.jpg
623,books_images/623.jpg
624,books_images/624.jpg
625,books_images/625.jpg
626,books_images/626.jpg
627,books_images/627.jpg
628,books_images/628.jpg
629,books_images/629.jpg
630,books_images/630.jpg
631,books_images/631.jpg
632,books_images/632.jpg
633,books_images/633.jpg
634,books_images/634.jpg
635,books_images/635.jpg
636,books_images/636.jpg
637,books_images/637.jpg
638,books_images/638.jpg
639,books_images/639.jpg
640,books_images/640.jpg
641,books_images/641.jpg
642,books_images/642.jpg
643,books_images/643.jpg
644,books_images/644.jpg
645,books_images/645.jpg
646,books_images/646.jpg
647,books_images/647.jpg
648,books_images/648.jpg
649,books_images/649.jpg
650,books_images/650.jpg
651,books_images/651.jpg
652,books_images/652.jpg
653,books_images/653.jpg
654,books_images/654.jpg
655,books_images/655.jpg
656,books_images/656.jpg
657,books_images/657.jpg
658,books_images/658.jpg
659,books_images/659.jpg
660,books_images/660.jpg
661,books_images/661.jpg
662,books_images/662.jpg
663,books_images/663.jpg
664,books_images/664.jpg
665,books_images/665.jpg
666,books_images/666.jpg
667,books_images/667.jpg
668,books_images/668.jpg
669,books_images/669.jpg
670,books_images/670.jpg
671,books_images/671.jpg
672,books_images/672.jpg
673,books_images/673.jpg
674,books_images/674.jpg
675,books_images/675.jpg
676,books_images/676.jpg
677,books_images/677.jpg
678,books_images/678.jpg
679,books_images/679.jpg
680,books_images/680.jpg
681,books_images/681.jpg
682,books_images/682.jpg
683,books_images/683.jpg
684,books_images/684.jpg
685,books_images/685.jpg
686,books_images/686.jpg
687,books_images/687.jpg
688,books_images/688.jpg
689,books_images/689.jpg
690,books_images/690.jpg
691,books_images/691.jpg
692,books_images/692.jpg
693,books_images/693.jpg
694,books_images/694.jpg
695,books_images/695.jpg
696,books_images/696.jpg
697,books_images/697.jpg
698,books_images/698.jpg
699,books_images/699.jpg
700,books_images/700.jpg
701,books_images/701.jpg
702,books_images/702.jpg
703,books_images/703.jpg
704,books_images/704.jpg
705,books_images/705.jpg
706,books_images/706.jpg
707,books_images/707.jpg
708,books_images/708.jpg
709,books_images/709.jpg
710,books_images/710.jpg
711,books_images/711.jpg
712,books_images/712.jpg
713,books_images/713.jpg
714,books_images/714.jpg
715,books_images/715.jpg
716,books_images/716.jpg
717,books_images/717.jpg
718,books_images/718.jpg
719,books_images/719.jpg
720,books_images/720.jpg
721,books_images/721.jpg
722,books_images/722.jpg
723,books_images/723.jpg
724,books_images/724.jpg
725,books_images/725.jpg
726,books_images/726.jpg
727,books_images/727.jpg
728,books_images/728.jpg
729,books_images/729.jpg
730,books_images/730.jpg
731,books_images/731.jpg
732,books_images/732.jpg
733,books_images/733.jpg
734,books_images/734.jpg
735,books_images/735.jpg
736,books_images/736.jpg
737,books_images/737.jpg
738,books_images/738.jpg
739,books_images/739.jpg
740,books_images/740.jpg
741,books_images/741.jpg
742,books_images/742.jpg
743,books_images/743.jpg
744,books_images/744.jpg
745,books_images/745.jpg
746,books_images/746.jpg
747,books_images/747.jpg
748,books_images/748.jpg
749,books_images/749.jpg
750,books_images/750.jpg
751,books_images/751.jpg
752,books_images/752.jpg
753,books_images/753.jpg
754,books_images/754.jpg
755,books_images/755.jpg
756,books_images/756.jpg
757,books_images/757.jpg
758,books_images/758.jpg
759,books_images/759.jpg
760,books_images/760.jpg
761,books_images/761.jpg
762,books_images/762.jpg
763,books_images/763.jpg
764,books_images/764.jpg
765,books_images/765.jpg
766,books_images/766.jpg
767,books_images/767.jpg
768,books_images/768.jpg
769,books_images/769.jpg
770,books_images/770.jpg
771,books_images/771.jpg
772,books_images/772.jpg
773,books_images/773.jpg
774,books_images/774.jpg
775,books_images/775.jpg
776,books_images/776.jpg
777,books_images/777.jpg
778,books_images/778.jpg
779,books_images/779.jpg
780,books_images/780.jpg
781,books_images/781.jpg
782,books_images/782.jpg
783,books_images/783.jpg
784,books_images/784.jpg
785,books_images/785.jpg
786,books_images/786.jpg
787,books_images/787.jpg
788,books_images/788.jpg
789,books_images/789.jpg
790,books_images/790.jpg
791,books_images/791.jpg
792,books_images/792.jpg
793,books_images/793.jpg
794,books_images/794.jpg
795,books_images/795.jpg
796,books_images/796.jpg
797,books_images/797.jpg
798,books_images/798.jpg
799,books_images/799.jpg
800,books_images/800.jpg
801,books_images/801.jpg
802,books_images/802.jpg
803,books_images/803.jpg
804,books_images/804.jpg
805,books_images/805.jpg
806,books_images/806.jpg
807,books_images/807.jpg
808,books_images/808.jpg
809,books_images/809.jpg
810,books_images/810.jpg
811,books_images/811.jpg
812,books_images/812.jpg
813,books_images/813.jpg
814,books_images/814.jpg
815,books_images/815.jpg
816,books_images/816.jpg
817,books_images/817.jpg
818,books_images/818.jpg
819,books_images/819.jpg
820,books_images/820.jpg
821,books_images/821.jpg
822,books_images/822.jpg
823,books_images/823.jpg
824,books_images/824.jpg
825,books_images/825.jpg
826,books_images/826.jpg
827,books_images/827.jpg
828,books_images/828.jpg
829,books_images/829.jpg
830,books_images/830.jpg
831,books_images/831.jpg
832,books_images/832.jpg
833,books_images/833.jpg
834,books_images/834.jpg
835,books_images/835.jpg
836,books_images/836.jpg
837,books_images/837.jpg
838,books_images/838.jpg
839,books_images/839.jpg
840,books_images/840.jpg
841,books_images/841.jpg
842,books_images/842.jpg
843,books_images/843.jpg
844,books_images/844.jpg
845,books_images/845.jpg
846,books_images/846.jpg
847,books_images/847.jpg
848,books_images/848.jpg
849,books_images/849.jpg
850,books_images/850.jpg
851,books_images/851.jpg
852,books_images/852.jpg
853,books_images/853.jpg
854,books_images/854.jpg
855,books_images/855.jpg
856,books_images/856.jpg
857,books_images/857.jpg
858,books_images/858.jpg
859,books_images/859.jpg
860,books_images/860.jpg
861,books_images/861.jpg
862,books_images/862.jpg
863,books_images/863.jpg
864,books_images/864.jpg
865,books_images/865.jpg
866,books_images/866.jpg
867,books_images/867.jpg
868,books_images/868.jpg
869,books_images/869.jpg
870,books_images/870.jpg
871,books_images/871.jpg
872,books_images/872.jpg
873,books_images/873.jpg
874,books_images/874.jpg
875,books_images/875.jpg
876,books_images/876.jpg
877,books_images/877.jpg
878,books_images/878.jpg
879,books_images/879.jpg
880,books_images/880.jpg
881,books_images/881.jpg
882,books_images/882.jpg
883,books_images/883.jpg
884,books_images/884.jpg
885,books_images/885.jpg
886,books_images/886.jpg
887,books_images/887.jpg
888,books_images/888.jpg
889,books_images/889.jpg
890,books_images/890.jpg
891,books_images/891.jpg
892,books_images/892.jpg
893,books_images/893.jpg
894,books_images/894.jpg
895,books_images/895.jpg
896,books_images/896.jpg
897,books_images/897.jpg
898,books_images/898.jpg
899,books_images/899.jpg
900,books_images/900.jpg
901,books_images/901.jpg
902,books_images/902.jpg
903,books_images/903.jpg
904,books_images/904.jpg
905,books_images/905.jpg
906,books_images/906.jpg
907,books_images/907.jpg
908,books_images/908.jpg
909,books_images/909.jpg
910,books_images/910.jpg
911,books_images/911.jpg
912,books_images/912.jpg
913,books_images/913.jpg
914,books_images/914.jpg
915,books_images/915.jpg
916,books_images/916.jpg
917,books_images/917.jpg
918,books_images/918.jpg
919,books_images/919.jpg
920,books_images/920.jpg
921,books_images/921.jpg
922,books_images/922.jpg
923,books_images/923.jpg
924,books_images/924.jpg
925,books_images/925.jpg
926,books_images/926.jpg
927,books_images/927.jpg
928,books_images/928.jpg
929,books_images/929.jpg
930,books_images/930.jpg
931,books_images/931.jpg
932,books_images/932.jpg
933,books_images/933.jpg
934,books_images/934.jpg
935,books_images/935.jpg
936,books_images/936.jpg
937,books_images/937.jpg
938,books_images/938.jpg
939,books_images/939.jpg
940,books_images/940.jpg
941,books_images/941.jpg
942,books_images/942.jpg
943,books_images/943.jpg
944,books_images/944.jpg
945,books_images/945.jpg
946,books_images/946.jpg
947,books_images/947.jpg
948,books_images/948.jpg
949,books_images/949.jpg
950,books_images/950.jpg
951,books_images/951.jpg
952,books_images/952.jpg
953,books_images/953.jpg
954,books_images/954.jpg
955,books_images/955.jpg
956,books_images/956.jpg
957,books_images/957.jpg
958,books_images/958.jpg
959,books_images/959.jpg
960,books_images/960.jpg
961,books_images/961.jpg
962,books_images/962.jpg
963,books_images/963.jpg
964,books_images/964.jpg
965,books_images/965.jpg
966,books_images/966.jpg
967,books_images/967.jpg
968,books_images/968.jpg
969,books_images/969.jpg
970,books_images/970.jpg
971,books_images/971.jpg
972,books_images/972.jpg
973,books_images/973.jpg
974,books_images/974.jpg
975,books_images/975.jpg
976,books_images/976.jpg
977,books_images/977.jpg
978,books_images/978.jpg
979,books_images/979.jpg
980,books_images/980.jpg
981,books_images/981.jpg
982,books_images/982.jpg
983,books_images/983.jpg
984,books_images/984.jpg
985,books_images/985.jpg
986,books_images/986.jpg
987,books_images/987.jpg
988,books_images/988.jpg
989,books_images/989.jpg
990,books_images/990.jpg
991,books_images/991.jpg
992,books_images/992.jpg
993,books_images/993.jpg
994,books_images/994.jpg
995,books_images/995.jpg
996,books_images/996.jpg
997,books_images/997.jpg
998,books_images/998.jpg
999,books_images/999.jpg
1000,books_images/1000.jpg
